{
  "d": 0.04982727272727273,
  "n": 0.1398909090909091,
  "r": 0.18323636363636364,
  "v": 0.10867272727272727,
  "p": 0.09863636363636363,
  "c": 0.11017272727272727,
  "e": 0.0013909090909090909,
  "a": 0.029372727272727273,
  "nt": 0.043763636363636366,
  "nh": 0.053436363636363636,
  "i": 0.008436363636363636,
  "m": 0.048,
  "nl": 0.004627272727272727,
  "w": 0.040872727272727276,
  "vd": 0.0008818181818181819,
  "nhf": 0.005890909090909091,
  "ns": 0.027136363636363636,
  "j": 0.0051818181818181815,
  "nd": 0.005518181818181818,
  "nhs": 0.0059454545454545454,
  "vl": 0.0030818181818181817,
  "ni": 0.007909090909090909,
  "vu": 0.008627272727272726,
  "h": 0.003381818181818182,
  "ws": 0.0007818181818181818,
  "mq": 0.002818181818181818,
  "o": 0.00025454545454545456,
  "u": 0.001209090909090909,
  "f": 0.00043636363636363637,
  "q": 0.00023636363636363636,
  "x": 0.00027272727272727274,
  "nz": 7.272727272727273e-05,
  "k": 2.7272727272727273e-05
}